drone_id,battery_level,status
DRONE1,93,maintenance
DRONE2,64,available
DRONE3,26,in_service
DRONE4,53,maintenance
DRONE5,34,maintenance
DRONE6,26,in_service
DRONE7,41,available
DRONE8,79,available
DRONE9,71,in_service
DRONE10,80,maintenance
DRONE11,58,in_service
DRONE12,80,in_service
DRONE13,88,in_service
DRONE14,49,in_service
DRONE15,68,available
DRONE16,69,in_service
DRONE17,80,maintenance
DRONE18,53,maintenance
DRONE19,38,charging
DRONE20,87,charging
