,ride_id,drone_id,hour_of_day,availability,battery_level,payment_status_encoded,weather_conditions_encoded,customer_sentiment
0,RIDE1,DRONE4,1,0,53,1,0,-1
1,RIDE2,DRONE1,17,0,93,3,3,-1
2,RIDE3,DRONE9,1,0,71,3,2,-1
3,RIDE4,DRONE8,17,1,79,1,0,-1
4,RIDE5,DRONE8,3,1,79,2,4,-1
5,RIDE6,DRONE5,21,0,34,0,3,-1
6,RIDE7,DRONE4,8,0,53,3,1,0
7,RIDE8,DRONE18,1,0,53,1,3,0
8,RIDE9,DRONE3,23,0,26,2,1,-1
9,RIDE10,DRONE19,15,0,38,2,3,0
10,RIDE11,DRONE14,17,0,49,2,2,-1
11,RIDE12,DRONE2,4,1,64,3,2,0
12,RIDE13,DRONE1,13,0,93,1,2,0
13,RIDE14,DRONE3,4,0,26,0,2,-1
14,RIDE15,DRONE7,2,1,41,1,4,0
15,RIDE16,DRONE8,10,1,79,1,4,0
16,RIDE17,DRONE17,17,0,80,2,1,0
17,RIDE18,DRONE20,1,0,87,0,4,0
18,RIDE19,DRONE1,18,0,93,3,3,0
19,RIDE20,DRONE18,4,0,53,3,2,0
20,RIDE21,DRONE7,9,1,41,2,0,0
21,RIDE22,DRONE18,8,0,53,3,0,0
22,RIDE23,DRONE14,23,0,49,1,0,0
23,RIDE24,DRONE8,12,1,79,2,3,-1
24,RIDE25,DRONE15,20,1,68,0,0,-1
25,RIDE26,DRONE19,13,0,38,1,0,-1
26,RIDE27,DRONE9,4,0,71,0,1,-1
27,RIDE28,DRONE1,6,0,93,0,3,-1
28,RIDE29,DRONE6,11,0,26,1,3,0
29,RIDE30,DRONE14,7,0,49,0,0,-1
30,RIDE31,DRONE11,19,0,58,2,3,-1
31,RIDE32,DRONE9,11,0,71,2,1,-1
32,RIDE33,DRONE5,3,0,34,1,1,-1
33,RIDE34,DRONE7,13,1,41,3,2,0
34,RIDE35,DRONE11,9,0,58,0,1,0
35,RIDE36,DRONE4,10,0,53,1,2,0
36,RIDE37,DRONE3,4,0,26,0,0,-1
37,RIDE38,DRONE13,3,0,88,1,2,0
38,RIDE39,DRONE4,6,0,53,0,2,0
39,RIDE40,DRONE12,18,0,80,3,0,-1
40,RIDE41,DRONE12,6,0,80,1,2,0
41,RIDE42,DRONE20,10,0,87,2,1,0
42,RIDE43,DRONE9,11,0,71,3,0,0
43,RIDE44,DRONE2,15,1,64,2,3,0
44,RIDE45,DRONE15,3,1,68,3,2,-1
45,RIDE46,DRONE18,11,0,53,2,1,-1
46,RIDE47,DRONE4,22,0,53,3,3,0
47,RIDE48,DRONE13,14,0,88,0,0,0
48,RIDE49,DRONE3,4,0,26,2,0,0
49,RIDE50,DRONE18,0,0,53,0,0,-1
50,RIDE51,DRONE10,7,0,80,1,1,0
51,RIDE52,DRONE20,10,0,87,0,3,0
52,RIDE53,DRONE12,14,0,80,2,0,-1
53,RIDE54,DRONE19,13,0,38,3,1,0
54,RIDE55,DRONE7,23,1,41,0,4,0
55,RIDE56,DRONE3,17,0,26,3,1,-1
56,RIDE57,DRONE2,10,1,64,1,4,0
57,RIDE58,DRONE8,0,1,79,1,3,0
58,RIDE59,DRONE10,18,0,80,2,0,0
59,RIDE60,DRONE3,18,0,26,3,0,-1
60,RIDE61,DRONE8,5,1,79,0,2,-1
61,RIDE62,DRONE4,12,0,53,0,0,0
62,RIDE63,DRONE13,17,0,88,1,3,0
63,RIDE64,DRONE9,19,0,71,3,1,0
64,RIDE65,DRONE15,2,1,68,3,3,-1
65,RIDE66,DRONE12,12,0,80,1,0,0
66,RIDE67,DRONE6,8,0,26,0,1,0
67,RIDE68,DRONE12,22,0,80,1,3,-1
68,RIDE69,DRONE12,0,0,80,3,0,0
69,RIDE70,DRONE7,22,1,41,0,0,0
70,RIDE71,DRONE9,4,0,71,1,0,0
71,RIDE72,DRONE3,6,0,26,3,2,0
72,RIDE73,DRONE20,16,0,87,3,2,0
73,RIDE74,DRONE6,20,0,26,2,2,0
74,RIDE75,DRONE18,12,0,53,2,1,0
75,RIDE76,DRONE8,4,1,79,1,3,0
76,RIDE77,DRONE6,0,0,26,0,1,-1
77,RIDE78,DRONE15,0,1,68,0,1,0
78,RIDE79,DRONE13,6,0,88,2,0,-1
79,RIDE80,DRONE9,22,0,71,3,4,0
80,RIDE81,DRONE18,2,0,53,2,4,0
81,RIDE82,DRONE8,14,1,79,1,0,-1
82,RIDE83,DRONE11,18,0,58,2,4,0
83,RIDE84,DRONE2,5,1,64,0,1,0
84,RIDE85,DRONE8,23,1,79,1,3,0
85,RIDE86,DRONE2,20,1,64,0,2,0
86,RIDE87,DRONE11,9,0,58,1,1,0
87,RIDE88,DRONE13,12,0,88,3,1,0
88,RIDE89,DRONE9,7,0,71,2,3,0
89,RIDE90,DRONE3,23,0,26,0,4,0
90,RIDE91,DRONE7,9,1,41,1,3,0
91,RIDE92,DRONE19,5,0,38,2,1,0
92,RIDE93,DRONE11,10,0,58,0,0,0
93,RIDE94,DRONE7,15,1,41,3,0,0
94,RIDE95,DRONE16,13,0,69,1,1,-1
95,RIDE96,DRONE13,3,0,88,0,0,-1
96,RIDE97,DRONE15,2,1,68,0,4,0
97,RIDE98,DRONE5,16,0,34,3,3,0
98,RIDE99,DRONE9,6,0,71,1,2,0
99,RIDE100,DRONE5,11,0,34,2,3,0
100,RIDE101,DRONE8,8,1,79,0,2,0
101,RIDE102,DRONE18,0,0,53,1,1,-1
102,RIDE103,DRONE18,7,0,53,1,1,0
103,RIDE104,DRONE9,10,0,71,3,2,0
104,RIDE105,DRONE19,3,0,38,0,0,-1
105,RIDE106,DRONE14,6,0,49,2,1,-1
106,RIDE107,DRONE19,5,0,38,0,4,0
107,RIDE108,DRONE13,21,0,88,0,4,-1
108,RIDE109,DRONE12,2,0,80,2,4,0
109,RIDE110,DRONE8,21,1,79,1,4,0
110,RIDE111,DRONE5,16,0,34,0,2,0
111,RIDE112,DRONE17,5,0,80,1,0,-1
112,RIDE113,DRONE16,20,0,69,3,2,0
113,RIDE114,DRONE3,14,0,26,1,1,-1
114,RIDE115,DRONE2,21,1,64,2,4,0
115,RIDE116,DRONE4,10,0,53,2,4,-1
116,RIDE117,DRONE5,9,0,34,3,4,0
117,RIDE118,DRONE6,20,0,26,1,1,0
118,RIDE119,DRONE14,6,0,49,0,3,0
119,RIDE120,DRONE20,21,0,87,3,2,0
120,RIDE121,DRONE3,7,0,26,2,0,0
121,RIDE122,DRONE13,17,0,88,1,1,0
122,RIDE123,DRONE13,3,0,88,2,3,0
123,RIDE124,DRONE20,20,0,87,0,3,0
124,RIDE125,DRONE15,17,1,68,3,0,0
125,RIDE126,DRONE17,1,0,80,3,1,-1
126,RIDE127,DRONE9,18,0,71,2,3,0
127,RIDE128,DRONE18,6,0,53,3,4,0
128,RIDE129,DRONE1,2,0,93,1,0,-1
129,RIDE130,DRONE4,10,0,53,1,4,0
130,RIDE131,DRONE18,16,0,53,2,0,0
131,RIDE132,DRONE9,11,0,71,2,2,0
132,RIDE133,DRONE11,21,0,58,3,2,-1
133,RIDE134,DRONE4,11,0,53,2,1,0
134,RIDE135,DRONE10,9,0,80,1,3,-1
135,RIDE136,DRONE14,14,0,49,0,4,0
136,RIDE137,DRONE6,13,0,26,1,3,0
137,RIDE138,DRONE15,2,1,68,3,2,0
138,RIDE139,DRONE1,6,0,93,2,4,-1
139,RIDE140,DRONE9,9,0,71,2,1,0
140,RIDE141,DRONE17,7,0,80,2,3,0
141,RIDE142,DRONE6,12,0,26,3,0,0
142,RIDE143,DRONE17,14,0,80,0,0,0
143,RIDE144,DRONE4,20,0,53,3,4,0
144,RIDE145,DRONE10,14,0,80,1,0,-1
145,RIDE146,DRONE17,22,0,80,0,0,0
146,RIDE147,DRONE20,2,0,87,2,2,-1
147,RIDE148,DRONE7,21,1,41,1,1,0
148,RIDE149,DRONE5,17,0,34,2,0,-1
149,RIDE150,DRONE12,8,0,80,0,0,0
150,RIDE151,DRONE6,3,0,26,3,3,-1
151,RIDE152,DRONE18,6,0,53,1,4,0
152,RIDE153,DRONE17,2,0,80,3,2,0
153,RIDE154,DRONE1,20,0,93,1,4,-1
154,RIDE155,DRONE20,4,0,87,2,3,0
155,RIDE156,DRONE11,5,0,58,2,3,0
156,RIDE157,DRONE16,19,0,69,3,3,0
157,RIDE158,DRONE1,21,0,93,2,0,0
158,RIDE159,DRONE4,0,0,53,0,4,-1
159,RIDE160,DRONE12,8,0,80,0,4,0
160,RIDE161,DRONE10,3,0,80,0,4,0
161,RIDE162,DRONE8,2,1,79,0,1,0
162,RIDE163,DRONE2,11,1,64,1,2,-1
163,RIDE164,DRONE8,16,1,79,1,0,0
164,RIDE165,DRONE19,22,0,38,0,2,0
165,RIDE166,DRONE3,3,0,26,1,0,0
166,RIDE167,DRONE3,1,0,26,0,4,0
167,RIDE168,DRONE16,20,0,69,3,1,0
168,RIDE169,DRONE3,19,0,26,1,1,0
169,RIDE170,DRONE18,3,0,53,0,4,0
170,RIDE171,DRONE5,18,0,34,0,2,0
171,RIDE172,DRONE5,13,0,34,3,3,0
172,RIDE173,DRONE16,16,0,69,3,4,0
173,RIDE174,DRONE18,4,0,53,2,0,0
174,RIDE175,DRONE6,19,0,26,0,2,-1
175,RIDE176,DRONE9,10,0,71,2,3,0
176,RIDE177,DRONE17,17,0,80,1,1,-1
177,RIDE178,DRONE20,13,0,87,0,0,-1
178,RIDE179,DRONE14,14,0,49,0,1,0
179,RIDE180,DRONE7,20,1,41,1,0,0
180,RIDE181,DRONE18,14,0,53,3,3,0
181,RIDE182,DRONE7,22,1,41,0,0,0
182,RIDE183,DRONE10,17,0,80,3,3,0
183,RIDE184,DRONE13,11,0,88,0,4,0
184,RIDE185,DRONE12,13,0,80,2,4,0
185,RIDE186,DRONE15,15,1,68,3,0,-1
186,RIDE187,DRONE17,0,0,80,2,2,0
187,RIDE188,DRONE15,14,1,68,0,1,-1
188,RIDE189,DRONE4,15,0,53,2,0,0
189,RIDE190,DRONE8,9,1,79,0,0,-1
190,RIDE191,DRONE8,15,1,79,0,1,0
191,RIDE192,DRONE3,0,0,26,2,0,-1
192,RIDE193,DRONE11,23,0,58,0,1,0
193,RIDE194,DRONE1,13,0,93,1,3,0
194,RIDE195,DRONE19,14,0,38,0,2,0
195,RIDE196,DRONE18,10,0,53,0,4,-1
196,RIDE197,DRONE8,21,1,79,1,4,-1
197,RIDE198,DRONE19,23,0,38,3,2,0
198,RIDE199,DRONE8,5,1,79,1,1,0
199,RIDE200,DRONE1,0,0,93,1,2,0
200,RIDE201,DRONE3,15,0,26,1,1,0
201,RIDE202,DRONE2,20,1,64,1,2,0
202,RIDE203,DRONE8,18,1,79,3,0,-1
203,RIDE204,DRONE3,22,0,26,0,0,0
204,RIDE205,DRONE2,18,1,64,2,2,0
205,RIDE206,DRONE11,14,0,58,3,3,0
206,RIDE207,DRONE3,20,0,26,3,2,0
207,RIDE208,DRONE17,20,0,80,0,4,0
208,RIDE209,DRONE8,14,1,79,1,0,0
209,RIDE210,DRONE9,6,0,71,1,2,0
210,RIDE211,DRONE16,21,0,69,3,4,0
211,RIDE212,DRONE7,6,1,41,2,0,0
212,RIDE213,DRONE18,9,0,53,1,3,0
213,RIDE214,DRONE5,17,0,34,3,3,0
214,RIDE215,DRONE19,16,0,38,2,4,-1
215,RIDE216,DRONE19,16,0,38,2,2,0
216,RIDE217,DRONE16,4,0,69,2,0,0
217,RIDE218,DRONE8,22,1,79,2,3,0
218,RIDE219,DRONE16,6,0,69,3,4,-1
219,RIDE220,DRONE14,5,0,49,3,1,-1
220,RIDE221,DRONE7,20,1,41,2,2,-1
221,RIDE222,DRONE4,14,0,53,1,1,0
222,RIDE223,DRONE4,19,0,53,1,2,-1
223,RIDE224,DRONE14,23,0,49,3,0,0
224,RIDE225,DRONE12,2,0,80,2,4,-1
225,RIDE226,DRONE14,1,0,49,2,0,-1
226,RIDE227,DRONE14,10,0,49,3,1,-1
227,RIDE228,DRONE15,22,1,68,3,4,0
228,RIDE229,DRONE2,23,1,64,3,0,-1
229,RIDE230,DRONE4,0,0,53,0,0,-1
230,RIDE231,DRONE2,10,1,64,0,0,0
231,RIDE232,DRONE13,15,0,88,2,1,0
232,RIDE233,DRONE11,16,0,58,0,0,-1
233,RIDE234,DRONE4,2,0,53,1,3,0
234,RIDE235,DRONE8,19,1,79,2,2,-1
235,RIDE236,DRONE7,21,1,41,0,3,-1
236,RIDE237,DRONE7,21,1,41,2,1,0
237,RIDE238,DRONE18,16,0,53,1,1,0
238,RIDE239,DRONE15,10,1,68,1,0,-1
239,RIDE240,DRONE5,23,0,34,2,4,0
240,RIDE241,DRONE14,23,0,49,0,3,-1
241,RIDE242,DRONE6,22,0,26,2,1,0
242,RIDE243,DRONE9,14,0,71,1,2,0
243,RIDE244,DRONE15,23,1,68,0,1,0
244,RIDE245,DRONE8,0,1,79,0,3,-1
245,RIDE246,DRONE3,22,0,26,3,2,0
246,RIDE247,DRONE15,3,1,68,2,2,0
247,RIDE248,DRONE18,0,0,53,1,0,-1
248,RIDE249,DRONE4,22,0,53,1,4,0
249,RIDE250,DRONE2,18,1,64,2,2,0
250,RIDE251,DRONE18,13,0,53,2,0,0
251,RIDE252,DRONE1,8,0,93,1,4,0
252,RIDE253,DRONE3,19,0,26,1,0,0
253,RIDE254,DRONE8,14,1,79,2,1,0
254,RIDE255,DRONE6,17,0,26,2,1,0
255,RIDE256,DRONE14,1,0,49,0,4,0
256,RIDE257,DRONE16,21,0,69,3,0,-1
257,RIDE258,DRONE16,1,0,69,1,3,0
258,RIDE259,DRONE7,14,1,41,0,0,0
259,RIDE260,DRONE13,16,0,88,2,3,0
260,RIDE261,DRONE2,22,1,64,3,2,0
261,RIDE262,DRONE6,5,0,26,1,2,-1
262,RIDE263,DRONE13,21,0,88,3,2,-1
263,RIDE264,DRONE1,6,0,93,0,0,0
264,RIDE265,DRONE13,9,0,88,2,4,0
265,RIDE266,DRONE9,22,0,71,0,3,0
266,RIDE267,DRONE15,9,1,68,3,0,0
267,RIDE268,DRONE10,10,0,80,0,2,-1
268,RIDE269,DRONE14,19,0,49,0,1,0
269,RIDE270,DRONE18,6,0,53,2,2,-1
270,RIDE271,DRONE16,22,0,69,2,4,0
271,RIDE272,DRONE5,23,0,34,3,2,0
272,RIDE273,DRONE7,1,1,41,3,4,0
273,RIDE274,DRONE10,11,0,80,0,1,0
274,RIDE275,DRONE7,5,1,41,1,3,0
275,RIDE276,DRONE2,6,1,64,0,2,-1
276,RIDE277,DRONE19,16,0,38,3,4,0
277,RIDE278,DRONE18,5,0,53,0,3,0
278,RIDE279,DRONE2,12,1,64,2,1,-1
279,RIDE280,DRONE11,7,0,58,0,4,0
280,RIDE281,DRONE2,14,1,64,2,1,0
281,RIDE282,DRONE2,23,1,64,1,1,0
282,RIDE283,DRONE19,18,0,38,2,0,0
283,RIDE284,DRONE16,2,0,69,1,3,-1
284,RIDE285,DRONE17,5,0,80,1,0,0
285,RIDE286,DRONE17,9,0,80,0,1,-1
286,RIDE287,DRONE6,21,0,26,3,4,0
287,RIDE288,DRONE2,6,1,64,3,2,0
288,RIDE289,DRONE17,1,0,80,0,0,-1
289,RIDE290,DRONE3,9,0,26,1,2,-1
290,RIDE291,DRONE6,6,0,26,3,0,0
291,RIDE292,DRONE3,11,0,26,2,3,0
292,RIDE293,DRONE20,21,0,87,3,2,0
293,RIDE294,DRONE3,3,0,26,1,0,0
294,RIDE295,DRONE8,5,1,79,1,1,-1
295,RIDE296,DRONE13,9,0,88,2,4,-1
296,RIDE297,DRONE4,8,0,53,0,1,-1
297,RIDE298,DRONE19,2,0,38,3,3,0
298,RIDE299,DRONE8,18,1,79,0,3,0
299,RIDE300,DRONE19,22,0,38,3,0,0
300,RIDE301,DRONE20,15,0,87,2,1,0
301,RIDE302,DRONE2,20,1,64,0,2,0
302,RIDE303,DRONE20,0,0,87,3,0,-1
303,RIDE304,DRONE3,5,0,26,3,0,-1
304,RIDE305,DRONE14,22,0,49,1,1,0
305,RIDE306,DRONE19,0,0,38,1,4,0
306,RIDE307,DRONE19,7,0,38,3,3,0
307,RIDE308,DRONE17,10,0,80,1,2,0
308,RIDE309,DRONE11,2,0,58,3,3,0
309,RIDE310,DRONE9,19,0,71,3,0,0
310,RIDE311,DRONE7,4,1,41,1,4,0
311,RIDE312,DRONE11,13,0,58,1,0,0
312,RIDE313,DRONE8,1,1,79,1,4,0
313,RIDE314,DRONE9,16,0,71,0,1,0
314,RIDE315,DRONE13,10,0,88,2,3,0
315,RIDE316,DRONE5,16,0,34,3,0,0
316,RIDE317,DRONE10,4,0,80,2,4,0
317,RIDE318,DRONE15,2,1,68,0,4,-1
318,RIDE319,DRONE11,14,0,58,0,0,0
319,RIDE320,DRONE3,15,0,26,3,3,0
320,RIDE321,DRONE1,6,0,93,3,1,-1
321,RIDE322,DRONE15,3,1,68,2,1,0
322,RIDE323,DRONE20,2,0,87,2,2,0
323,RIDE324,DRONE19,19,0,38,1,2,0
324,RIDE325,DRONE4,16,0,53,2,2,0
325,RIDE326,DRONE3,10,0,26,2,3,-1
326,RIDE327,DRONE18,7,0,53,0,2,0
327,RIDE328,DRONE7,5,1,41,2,2,-1
328,RIDE329,DRONE17,9,0,80,1,3,0
329,RIDE330,DRONE9,23,0,71,2,2,-1
330,RIDE331,DRONE5,10,0,34,3,1,0
331,RIDE332,DRONE12,20,0,80,1,0,0
332,RIDE333,DRONE3,17,0,26,3,1,0
333,RIDE334,DRONE8,7,1,79,0,1,0
334,RIDE335,DRONE12,3,0,80,1,4,0
335,RIDE336,DRONE10,10,0,80,1,0,0
336,RIDE337,DRONE6,21,0,26,2,1,0
337,RIDE338,DRONE15,7,1,68,1,0,0
338,RIDE339,DRONE18,15,0,53,0,1,0
339,RIDE340,DRONE10,6,0,80,0,3,0
340,RIDE341,DRONE20,11,0,87,0,3,0
341,RIDE342,DRONE17,10,0,80,1,2,-1
342,RIDE343,DRONE1,5,0,93,1,3,0
343,RIDE344,DRONE18,20,0,53,2,0,0
344,RIDE345,DRONE10,2,0,80,0,4,0
345,RIDE346,DRONE4,5,0,53,2,2,-1
346,RIDE347,DRONE5,20,0,34,0,1,-1
347,RIDE348,DRONE9,13,0,71,2,3,0
348,RIDE349,DRONE4,10,0,53,3,2,-1
349,RIDE350,DRONE4,7,0,53,3,3,0
350,RIDE351,DRONE18,14,0,53,0,2,0
351,RIDE352,DRONE5,10,0,34,2,0,-1
352,RIDE353,DRONE9,3,0,71,1,0,0
353,RIDE354,DRONE10,4,0,80,1,1,-1
354,RIDE355,DRONE20,6,0,87,1,2,0
355,RIDE356,DRONE7,14,1,41,2,4,0
356,RIDE357,DRONE11,22,0,58,3,0,0
357,RIDE358,DRONE7,22,1,41,1,1,0
358,RIDE359,DRONE9,3,0,71,0,2,0
359,RIDE360,DRONE17,10,0,80,3,1,0
360,RIDE361,DRONE16,17,0,69,0,0,0
361,RIDE362,DRONE9,22,0,71,2,1,-1
362,RIDE363,DRONE2,7,1,64,1,2,0
363,RIDE364,DRONE3,19,0,26,0,3,0
364,RIDE365,DRONE14,9,0,49,2,4,0
365,RIDE366,DRONE9,17,0,71,1,0,-1
366,RIDE367,DRONE2,15,1,64,2,2,0
367,RIDE368,DRONE1,0,0,93,0,2,0
368,RIDE369,DRONE11,23,0,58,3,1,0
369,RIDE370,DRONE5,9,0,34,0,0,0
370,RIDE371,DRONE9,20,0,71,0,3,0
371,RIDE372,DRONE6,6,0,26,3,3,0
372,RIDE373,DRONE15,11,1,68,2,4,0
373,RIDE374,DRONE18,15,0,53,2,4,-1
374,RIDE375,DRONE14,13,0,49,0,1,-1
375,RIDE376,DRONE18,8,0,53,0,0,0
376,RIDE377,DRONE1,13,0,93,2,3,0
377,RIDE378,DRONE4,19,0,53,3,0,0
378,RIDE379,DRONE3,8,0,26,1,1,0
379,RIDE380,DRONE5,5,0,34,3,0,-1
380,RIDE381,DRONE18,22,0,53,0,0,0
381,RIDE382,DRONE2,21,1,64,2,0,0
382,RIDE383,DRONE12,22,0,80,3,1,0
383,RIDE384,DRONE19,18,0,38,0,1,0
384,RIDE385,DRONE18,12,0,53,1,1,0
385,RIDE386,DRONE5,4,0,34,1,3,-1
386,RIDE387,DRONE14,8,0,49,3,2,0
387,RIDE388,DRONE5,6,0,34,0,0,0
388,RIDE389,DRONE2,17,1,64,0,4,0
389,RIDE390,DRONE10,15,0,80,1,4,-1
390,RIDE391,DRONE12,11,0,80,2,2,0
391,RIDE392,DRONE2,8,1,64,2,0,-1
392,RIDE393,DRONE12,0,0,80,3,0,0
393,RIDE394,DRONE7,17,1,41,3,0,0
394,RIDE395,DRONE8,1,1,79,1,1,0
395,RIDE396,DRONE4,8,0,53,0,3,-1
396,RIDE397,DRONE12,5,0,80,2,1,0
397,RIDE398,DRONE18,8,0,53,2,0,0
398,RIDE399,DRONE14,9,0,49,2,2,0
399,RIDE400,DRONE20,21,0,87,2,0,0
400,RIDE401,DRONE5,23,0,34,1,0,0
401,RIDE402,DRONE8,12,1,79,2,3,0
402,RIDE403,DRONE6,7,0,26,0,0,-1
403,RIDE404,DRONE6,5,0,26,2,1,0
404,RIDE405,DRONE14,20,0,49,3,4,0
405,RIDE406,DRONE1,21,0,93,0,3,-1
406,RIDE407,DRONE6,15,0,26,2,3,-1
407,RIDE408,DRONE11,23,0,58,1,3,0
408,RIDE409,DRONE14,10,0,49,1,0,0
409,RIDE410,DRONE8,2,1,79,2,3,0
410,RIDE411,DRONE9,21,0,71,3,3,-1
411,RIDE412,DRONE6,13,0,26,1,1,0
412,RIDE413,DRONE4,17,0,53,0,2,0
413,RIDE414,DRONE13,13,0,88,3,1,0
414,RIDE415,DRONE2,0,1,64,1,1,0
415,RIDE416,DRONE16,23,0,69,3,2,0
416,RIDE417,DRONE8,23,1,79,1,2,-1
417,RIDE418,DRONE7,1,1,41,1,3,-1
418,RIDE419,DRONE15,14,1,68,3,1,-1
419,RIDE420,DRONE12,5,0,80,2,0,0
420,RIDE421,DRONE10,12,0,80,2,4,-1
421,RIDE422,DRONE8,2,1,79,3,4,0
422,RIDE423,DRONE8,9,1,79,1,4,0
423,RIDE424,DRONE1,1,0,93,1,1,0
424,RIDE425,DRONE7,4,1,41,1,2,0
425,RIDE426,DRONE13,6,0,88,1,3,0
426,RIDE427,DRONE11,14,0,58,1,3,0
427,RIDE428,DRONE9,7,0,71,2,4,0
428,RIDE429,DRONE3,0,0,26,1,3,0
429,RIDE430,DRONE9,10,0,71,3,0,0
430,RIDE431,DRONE12,15,0,80,1,0,0
431,RIDE432,DRONE17,15,0,80,1,2,-1
432,RIDE433,DRONE13,1,0,88,2,3,0
433,RIDE434,DRONE18,14,0,53,0,1,0
434,RIDE435,DRONE11,0,0,58,0,3,0
435,RIDE436,DRONE1,13,0,93,1,1,-1
436,RIDE437,DRONE4,13,0,53,2,4,-1
437,RIDE438,DRONE9,14,0,71,1,1,0
438,RIDE439,DRONE6,22,0,26,0,4,0
439,RIDE440,DRONE19,17,0,38,2,0,-1
440,RIDE441,DRONE9,16,0,71,3,3,0
441,RIDE442,DRONE2,21,1,64,3,2,0
442,RIDE443,DRONE4,21,0,53,2,3,-1
443,RIDE444,DRONE20,11,0,87,3,4,0
444,RIDE445,DRONE14,15,0,49,2,3,-1
445,RIDE446,DRONE12,7,0,80,1,2,0
446,RIDE447,DRONE11,22,0,58,1,4,0
447,RIDE448,DRONE14,12,0,49,0,4,-1
448,RIDE449,DRONE20,4,0,87,1,2,0
449,RIDE450,DRONE17,19,0,80,1,3,0
450,RIDE451,DRONE4,10,0,53,0,2,0
451,RIDE452,DRONE13,18,0,88,2,1,0
452,RIDE453,DRONE19,2,0,38,1,0,0
453,RIDE454,DRONE7,23,1,41,1,2,0
454,RIDE455,DRONE9,1,0,71,1,4,0
455,RIDE456,DRONE2,14,1,64,0,1,0
456,RIDE457,DRONE14,9,0,49,2,0,0
457,RIDE458,DRONE1,5,0,93,0,2,-1
458,RIDE459,DRONE17,16,0,80,3,0,-1
459,RIDE460,DRONE18,15,0,53,1,3,0
460,RIDE461,DRONE7,23,1,41,3,4,0
461,RIDE462,DRONE12,4,0,80,2,2,0
462,RIDE463,DRONE14,11,0,49,1,4,-1
463,RIDE464,DRONE3,23,0,26,3,1,0
464,RIDE465,DRONE11,6,0,58,3,1,0
465,RIDE466,DRONE20,17,0,87,3,0,0
466,RIDE467,DRONE11,2,0,58,1,1,-1
467,RIDE468,DRONE4,3,0,53,1,1,0
468,RIDE469,DRONE10,1,0,80,1,2,0
469,RIDE470,DRONE17,2,0,80,1,4,0
470,RIDE471,DRONE10,23,0,80,0,0,-1
471,RIDE472,DRONE14,1,0,49,3,1,-1
472,RIDE473,DRONE11,0,0,58,0,4,0
473,RIDE474,DRONE13,7,0,88,2,3,-1
474,RIDE475,DRONE10,21,0,80,3,2,0
475,RIDE476,DRONE18,15,0,53,1,1,0
476,RIDE477,DRONE5,4,0,34,1,1,-1
477,RIDE478,DRONE7,1,1,41,1,1,0
478,RIDE479,DRONE14,21,0,49,0,4,0
479,RIDE480,DRONE13,8,0,88,1,2,0
480,RIDE481,DRONE6,13,0,26,3,2,0
481,RIDE482,DRONE20,17,0,87,3,4,0
482,RIDE483,DRONE19,18,0,38,2,0,0
483,RIDE484,DRONE10,7,0,80,3,2,0
484,RIDE485,DRONE13,20,0,88,1,4,0
485,RIDE486,DRONE18,5,0,53,3,4,0
486,RIDE487,DRONE1,10,0,93,3,1,0
487,RIDE488,DRONE10,14,0,80,0,4,0
488,RIDE489,DRONE10,5,0,80,3,1,0
489,RIDE490,DRONE7,15,1,41,2,3,0
490,RIDE491,DRONE14,17,0,49,3,4,0
491,RIDE492,DRONE19,8,0,38,0,2,0
492,RIDE493,DRONE20,2,0,87,0,1,-1
493,RIDE494,DRONE11,18,0,58,3,3,0
494,RIDE495,DRONE15,11,1,68,3,0,-1
495,RIDE496,DRONE15,14,1,68,0,0,-1
496,RIDE497,DRONE15,21,1,68,1,0,0
497,RIDE498,DRONE7,5,1,41,3,1,0
498,RIDE499,DRONE17,2,0,80,0,4,0
499,RIDE500,DRONE16,17,0,69,3,1,0
500,RIDE501,DRONE6,21,0,26,0,0,0
501,RIDE502,DRONE3,20,0,26,1,4,0
502,RIDE503,DRONE10,16,0,80,2,3,-1
503,RIDE504,DRONE17,15,0,80,3,0,-1
504,RIDE505,DRONE20,4,0,87,3,2,-1
505,RIDE506,DRONE11,20,0,58,2,4,0
506,RIDE507,DRONE3,20,0,26,2,1,-1
507,RIDE508,DRONE8,17,1,79,3,1,-1
508,RIDE509,DRONE10,8,0,80,1,2,0
509,RIDE510,DRONE8,17,1,79,3,1,-1
510,RIDE511,DRONE7,2,1,41,2,2,-1
511,RIDE512,DRONE5,22,0,34,0,0,0
512,RIDE513,DRONE1,22,0,93,1,0,0
513,RIDE514,DRONE2,7,1,64,3,1,0
514,RIDE515,DRONE8,18,1,79,3,4,-1
515,RIDE516,DRONE16,11,0,69,0,1,-1
516,RIDE517,DRONE20,11,0,87,0,0,0
517,RIDE518,DRONE3,3,0,26,1,4,0
518,RIDE519,DRONE15,22,1,68,1,2,0
519,RIDE520,DRONE14,9,0,49,3,0,0
520,RIDE521,DRONE19,20,0,38,3,2,0
521,RIDE522,DRONE7,13,1,41,2,3,-1
522,RIDE523,DRONE13,8,0,88,3,4,0
523,RIDE524,DRONE16,7,0,69,0,0,0
524,RIDE525,DRONE13,17,0,88,1,2,-1
525,RIDE526,DRONE8,20,1,79,3,2,0
526,RIDE527,DRONE5,0,0,34,1,2,0
527,RIDE528,DRONE1,20,0,93,3,1,0
528,RIDE529,DRONE4,21,0,53,0,1,0
529,RIDE530,DRONE14,8,0,49,2,3,0
530,RIDE531,DRONE8,23,1,79,2,3,0
531,RIDE532,DRONE6,2,0,26,1,2,0
532,RIDE533,DRONE17,7,0,80,0,1,0
533,RIDE534,DRONE15,5,1,68,0,4,-1
534,RIDE535,DRONE2,8,1,64,0,4,-1
535,RIDE536,DRONE18,11,0,53,3,2,0
536,RIDE537,DRONE8,12,1,79,2,1,0
537,RIDE538,DRONE4,5,0,53,0,4,0
538,RIDE539,DRONE15,17,1,68,3,1,0
539,RIDE540,DRONE5,0,0,34,1,3,-1
540,RIDE541,DRONE15,19,1,68,3,2,0
541,RIDE542,DRONE17,8,0,80,3,2,-1
542,RIDE543,DRONE18,20,0,53,0,1,-1
543,RIDE544,DRONE20,12,0,87,1,1,0
544,RIDE545,DRONE11,2,0,58,2,0,0
545,RIDE546,DRONE15,1,1,68,1,4,0
546,RIDE547,DRONE20,22,0,87,1,3,0
547,RIDE548,DRONE17,19,0,80,1,4,0
548,RIDE549,DRONE14,14,0,49,1,0,0
549,RIDE550,DRONE18,19,0,53,0,1,0
550,RIDE551,DRONE15,14,1,68,3,4,0
551,RIDE552,DRONE6,7,0,26,2,2,0
552,RIDE553,DRONE16,8,0,69,2,4,-1
553,RIDE554,DRONE15,13,1,68,3,1,0
554,RIDE555,DRONE9,7,0,71,2,4,0
555,RIDE556,DRONE8,11,1,79,1,0,0
556,RIDE557,DRONE9,6,0,71,0,3,0
557,RIDE558,DRONE17,7,0,80,1,1,0
558,RIDE559,DRONE16,19,0,69,1,2,0
559,RIDE560,DRONE8,8,1,79,0,0,0
560,RIDE561,DRONE9,21,0,71,2,1,0
561,RIDE562,DRONE15,6,1,68,0,2,-1
562,RIDE563,DRONE3,21,0,26,3,2,-1
563,RIDE564,DRONE10,20,0,80,3,1,0
564,RIDE565,DRONE8,7,1,79,3,0,0
565,RIDE566,DRONE9,8,0,71,0,2,0
566,RIDE567,DRONE11,15,0,58,3,3,0
567,RIDE568,DRONE11,10,0,58,1,0,0
568,RIDE569,DRONE18,10,0,53,1,2,-1
569,RIDE570,DRONE3,18,0,26,3,1,-1
570,RIDE571,DRONE5,15,0,34,3,1,0
571,RIDE572,DRONE5,12,0,34,3,0,0
572,RIDE573,DRONE8,9,1,79,3,2,0
573,RIDE574,DRONE13,14,0,88,0,2,0
574,RIDE575,DRONE5,3,0,34,0,0,0
575,RIDE576,DRONE7,2,1,41,1,0,-1
576,RIDE577,DRONE3,8,0,26,2,0,0
577,RIDE578,DRONE14,8,0,49,1,3,-1
578,RIDE579,DRONE14,21,0,49,0,3,0
579,RIDE580,DRONE11,5,0,58,1,3,0
580,RIDE581,DRONE18,11,0,53,1,1,0
581,RIDE582,DRONE15,10,1,68,0,3,-1
582,RIDE583,DRONE14,5,0,49,2,3,0
583,RIDE584,DRONE2,4,1,64,0,3,0
584,RIDE585,DRONE7,6,1,41,1,2,0
585,RIDE586,DRONE14,18,0,49,0,4,0
586,RIDE587,DRONE13,0,0,88,2,3,-1
587,RIDE588,DRONE19,20,0,38,2,0,-1
588,RIDE589,DRONE1,15,0,93,0,3,-1
589,RIDE590,DRONE19,18,0,38,0,4,0
590,RIDE591,DRONE13,6,0,88,0,1,0
591,RIDE592,DRONE16,21,0,69,3,1,0
592,RIDE593,DRONE1,23,0,93,1,3,0
593,RIDE594,DRONE12,12,0,80,1,0,0
594,RIDE595,DRONE10,7,0,80,2,0,-1
595,RIDE596,DRONE13,1,0,88,1,2,0
596,RIDE597,DRONE14,9,0,49,3,0,0
597,RIDE598,DRONE18,5,0,53,2,2,0
598,RIDE599,DRONE18,22,0,53,0,2,0
599,RIDE600,DRONE20,10,0,87,0,0,0
600,RIDE601,DRONE8,9,1,79,2,0,0
601,RIDE602,DRONE16,16,0,69,2,2,0
602,RIDE603,DRONE8,12,1,79,2,1,-1
603,RIDE604,DRONE9,23,0,71,3,3,0
604,RIDE605,DRONE14,5,0,49,0,1,0
605,RIDE606,DRONE16,13,0,69,3,0,0
606,RIDE607,DRONE1,19,0,93,0,4,-1
607,RIDE608,DRONE13,1,0,88,2,0,-1
608,RIDE609,DRONE11,19,0,58,3,2,0
609,RIDE610,DRONE13,1,0,88,1,4,0
610,RIDE611,DRONE6,17,0,26,0,4,-1
611,RIDE612,DRONE15,3,1,68,2,3,-1
612,RIDE613,DRONE5,1,0,34,2,0,0
613,RIDE614,DRONE20,2,0,87,3,3,0
614,RIDE615,DRONE18,10,0,53,1,1,0
615,RIDE616,DRONE1,2,0,93,1,4,0
616,RIDE617,DRONE13,15,0,88,0,3,0
617,RIDE618,DRONE19,18,0,38,0,1,-1
618,RIDE619,DRONE19,18,0,38,0,0,0
619,RIDE620,DRONE1,11,0,93,3,0,0
620,RIDE621,DRONE3,10,0,26,2,2,0
621,RIDE622,DRONE14,18,0,49,3,1,0
622,RIDE623,DRONE5,21,0,34,2,1,0
623,RIDE624,DRONE15,0,1,68,2,3,0
624,RIDE625,DRONE6,20,0,26,2,4,0
625,RIDE626,DRONE2,22,1,64,1,4,0
626,RIDE627,DRONE9,22,0,71,3,2,-1
627,RIDE628,DRONE13,17,0,88,3,2,-1
628,RIDE629,DRONE11,5,0,58,3,2,0
629,RIDE630,DRONE7,9,1,41,1,1,0
630,RIDE631,DRONE15,0,1,68,1,0,0
631,RIDE632,DRONE11,15,0,58,2,0,0
632,RIDE633,DRONE11,3,0,58,1,3,0
633,RIDE634,DRONE13,5,0,88,0,4,0
634,RIDE635,DRONE9,16,0,71,0,4,-1
635,RIDE636,DRONE14,6,0,49,0,3,-1
636,RIDE637,DRONE9,14,0,71,3,1,0
637,RIDE638,DRONE3,10,0,26,0,0,0
638,RIDE639,DRONE16,17,0,69,1,2,-1
639,RIDE640,DRONE1,5,0,93,3,0,-1
640,RIDE641,DRONE18,6,0,53,3,3,0
641,RIDE642,DRONE2,12,1,64,0,0,0
642,RIDE643,DRONE12,20,0,80,2,2,0
643,RIDE644,DRONE8,5,1,79,2,4,-1
644,RIDE645,DRONE3,8,0,26,1,3,0
645,RIDE646,DRONE2,15,1,64,0,1,0
646,RIDE647,DRONE1,9,0,93,1,0,0
647,RIDE648,DRONE8,17,1,79,2,0,0
648,RIDE649,DRONE7,18,1,41,2,1,0
649,RIDE650,DRONE1,15,0,93,0,1,0
650,RIDE651,DRONE20,18,0,87,2,2,-1
651,RIDE652,DRONE5,4,0,34,2,0,0
652,RIDE653,DRONE8,9,1,79,2,3,0
653,RIDE654,DRONE5,19,0,34,0,0,0
654,RIDE655,DRONE16,0,0,69,0,2,-1
655,RIDE656,DRONE4,17,0,53,2,3,0
656,RIDE657,DRONE19,19,0,38,2,3,0
657,RIDE658,DRONE7,7,1,41,3,3,0
658,RIDE659,DRONE15,9,1,68,0,2,0
659,RIDE660,DRONE9,10,0,71,1,0,0
660,RIDE661,DRONE12,15,0,80,1,4,0
661,RIDE662,DRONE6,5,0,26,2,3,-1
662,RIDE663,DRONE20,9,0,87,2,1,0
663,RIDE664,DRONE20,15,0,87,3,2,0
664,RIDE665,DRONE4,14,0,53,3,3,0
665,RIDE666,DRONE6,12,0,26,0,2,0
666,RIDE667,DRONE10,13,0,80,1,1,0
667,RIDE668,DRONE4,8,0,53,3,3,0
668,RIDE669,DRONE19,16,0,38,1,0,0
669,RIDE670,DRONE1,13,0,93,3,2,0
670,RIDE671,DRONE10,16,0,80,2,3,0
671,RIDE672,DRONE19,17,0,38,3,3,0
672,RIDE673,DRONE13,8,0,88,3,2,0
673,RIDE674,DRONE13,7,0,88,0,1,0
674,RIDE675,DRONE7,0,1,41,2,2,0
675,RIDE676,DRONE3,18,0,26,2,4,0
676,RIDE677,DRONE19,12,0,38,0,0,0
677,RIDE678,DRONE8,21,1,79,1,1,0
678,RIDE679,DRONE4,1,0,53,2,0,0
679,RIDE680,DRONE10,12,0,80,2,0,0
680,RIDE681,DRONE20,10,0,87,0,2,0
681,RIDE682,DRONE4,10,0,53,1,4,0
682,RIDE683,DRONE19,23,0,38,2,3,0
683,RIDE684,DRONE2,12,1,64,0,4,0
684,RIDE685,DRONE12,5,0,80,2,1,-1
685,RIDE686,DRONE18,22,0,53,3,4,0
686,RIDE687,DRONE14,14,0,49,1,0,-1
687,RIDE688,DRONE12,6,0,80,3,3,0
688,RIDE689,DRONE3,19,0,26,1,4,0
689,RIDE690,DRONE17,1,0,80,0,3,0
690,RIDE691,DRONE11,0,0,58,2,4,0
691,RIDE692,DRONE1,19,0,93,2,3,0
692,RIDE693,DRONE14,22,0,49,0,4,0
693,RIDE694,DRONE16,11,0,69,2,1,0
694,RIDE695,DRONE4,2,0,53,3,3,0
695,RIDE696,DRONE14,18,0,49,0,2,0
696,RIDE697,DRONE12,0,0,80,3,0,-1
697,RIDE698,DRONE15,17,1,68,1,3,0
698,RIDE699,DRONE5,9,0,34,2,0,0
699,RIDE700,DRONE14,5,0,49,3,4,0
700,RIDE701,DRONE6,11,0,26,2,4,0
701,RIDE702,DRONE17,20,0,80,1,4,0
702,RIDE703,DRONE9,7,0,71,2,4,0
703,RIDE704,DRONE20,0,0,87,1,4,-1
704,RIDE705,DRONE18,22,0,53,0,1,-1
705,RIDE706,DRONE16,5,0,69,2,0,0
706,RIDE707,DRONE15,23,1,68,0,3,0
707,RIDE708,DRONE14,19,0,49,1,1,-1
708,RIDE709,DRONE19,6,0,38,0,1,0
709,RIDE710,DRONE9,17,0,71,3,1,0
710,RIDE711,DRONE11,12,0,58,0,1,0
711,RIDE712,DRONE8,9,1,79,3,1,-1
712,RIDE713,DRONE3,14,0,26,1,0,0
713,RIDE714,DRONE9,5,0,71,1,3,0
714,RIDE715,DRONE15,20,1,68,2,0,0
715,RIDE716,DRONE8,1,1,79,3,3,-1
716,RIDE717,DRONE15,10,1,68,2,1,0
717,RIDE718,DRONE19,0,0,38,2,1,0
718,RIDE719,DRONE20,10,0,87,1,4,-1
719,RIDE720,DRONE13,14,0,88,0,2,0
720,RIDE721,DRONE11,23,0,58,1,2,0
721,RIDE722,DRONE1,5,0,93,1,0,-1
722,RIDE723,DRONE16,11,0,69,0,0,0
723,RIDE724,DRONE11,23,0,58,3,3,-1
724,RIDE725,DRONE6,13,0,26,3,4,0
725,RIDE726,DRONE16,14,0,69,0,3,-1
726,RIDE727,DRONE7,1,1,41,0,4,0
727,RIDE728,DRONE12,16,0,80,2,2,0
728,RIDE729,DRONE9,10,0,71,0,2,0
729,RIDE730,DRONE11,18,0,58,0,4,0
730,RIDE731,DRONE9,11,0,71,2,3,0
731,RIDE732,DRONE20,4,0,87,3,0,0
732,RIDE733,DRONE9,16,0,71,0,4,0
733,RIDE734,DRONE18,3,0,53,0,4,0
734,RIDE735,DRONE1,13,0,93,2,4,0
735,RIDE736,DRONE17,17,0,80,0,3,0
736,RIDE737,DRONE7,4,1,41,2,0,0
737,RIDE738,DRONE3,15,0,26,1,3,0
738,RIDE739,DRONE8,20,1,79,2,1,0
739,RIDE740,DRONE14,14,0,49,1,1,-1
740,RIDE741,DRONE16,7,0,69,1,4,0
741,RIDE742,DRONE18,14,0,53,2,4,0
742,RIDE743,DRONE8,7,1,79,2,4,0
743,RIDE744,DRONE16,15,0,69,2,0,0
744,RIDE745,DRONE16,0,0,69,3,0,0
745,RIDE746,DRONE15,11,1,68,0,4,0
746,RIDE747,DRONE1,14,0,93,2,0,0
747,RIDE748,DRONE3,5,0,26,1,2,0
748,RIDE749,DRONE10,8,0,80,1,4,-1
749,RIDE750,DRONE8,8,1,79,2,2,-1
750,RIDE751,DRONE13,14,0,88,0,3,0
751,RIDE752,DRONE8,11,1,79,0,2,0
752,RIDE753,DRONE10,1,0,80,0,3,0
753,RIDE754,DRONE19,13,0,38,1,3,-1
754,RIDE755,DRONE12,22,0,80,2,4,0
755,RIDE756,DRONE16,17,0,69,2,4,0
756,RIDE757,DRONE18,13,0,53,2,3,-1
757,RIDE758,DRONE17,15,0,80,1,0,-1
758,RIDE759,DRONE12,1,0,80,2,1,-1
759,RIDE760,DRONE14,16,0,49,1,2,0
760,RIDE761,DRONE18,20,0,53,1,3,0
761,RIDE762,DRONE11,12,0,58,0,1,-1
762,RIDE763,DRONE12,13,0,80,2,4,-1
763,RIDE764,DRONE15,20,1,68,2,4,0
764,RIDE765,DRONE9,3,0,71,3,3,-1
765,RIDE766,DRONE10,22,0,80,0,0,0
766,RIDE767,DRONE9,1,0,71,1,3,-1
767,RIDE768,DRONE8,3,1,79,0,2,0
768,RIDE769,DRONE4,3,0,53,3,1,0
769,RIDE770,DRONE7,23,1,41,0,0,0
770,RIDE771,DRONE11,18,0,58,0,3,0
771,RIDE772,DRONE4,4,0,53,3,2,0
772,RIDE773,DRONE18,4,0,53,0,2,0
773,RIDE774,DRONE6,0,0,26,0,0,0
774,RIDE775,DRONE7,6,1,41,3,2,-1
775,RIDE776,DRONE7,16,1,41,3,2,0
776,RIDE777,DRONE16,22,0,69,1,2,0
777,RIDE778,DRONE9,8,0,71,3,2,0
778,RIDE779,DRONE19,19,0,38,2,3,0
779,RIDE780,DRONE17,16,0,80,2,0,0
780,RIDE781,DRONE20,0,0,87,2,1,-1
781,RIDE782,DRONE10,7,0,80,1,1,0
782,RIDE783,DRONE4,10,0,53,0,2,0
783,RIDE784,DRONE7,12,1,41,3,3,0
784,RIDE785,DRONE10,20,0,80,1,2,0
785,RIDE786,DRONE8,21,1,79,0,2,0
786,RIDE787,DRONE12,12,0,80,3,3,0
787,RIDE788,DRONE6,19,0,26,0,4,0
788,RIDE789,DRONE10,21,0,80,3,0,-1
789,RIDE790,DRONE1,16,0,93,2,1,0
790,RIDE791,DRONE18,5,0,53,3,3,0
791,RIDE792,DRONE5,8,0,34,3,1,-1
792,RIDE793,DRONE9,12,0,71,1,3,0
793,RIDE794,DRONE2,20,1,64,1,3,-1
794,RIDE795,DRONE2,15,1,64,1,4,-1
795,RIDE796,DRONE18,9,0,53,2,2,0
796,RIDE797,DRONE10,0,0,80,2,0,0
797,RIDE798,DRONE5,7,0,34,3,4,0
798,RIDE799,DRONE16,3,0,69,1,1,0
799,RIDE800,DRONE4,13,0,53,2,0,-1
800,RIDE801,DRONE1,20,0,93,2,2,0
801,RIDE802,DRONE19,15,0,38,3,4,0
802,RIDE803,DRONE10,4,0,80,3,3,0
803,RIDE804,DRONE16,21,0,69,0,1,0
804,RIDE805,DRONE16,6,0,69,0,4,0
805,RIDE806,DRONE15,15,1,68,3,4,-1
806,RIDE807,DRONE11,21,0,58,0,0,0
807,RIDE808,DRONE6,11,0,26,2,1,-1
808,RIDE809,DRONE2,5,1,64,3,1,0
809,RIDE810,DRONE9,21,0,71,3,1,0
810,RIDE811,DRONE16,3,0,69,1,0,-1
811,RIDE812,DRONE4,16,0,53,2,1,-1
812,RIDE813,DRONE3,6,0,26,2,0,0
813,RIDE814,DRONE13,21,0,88,1,3,-1
814,RIDE815,DRONE16,10,0,69,0,0,0
815,RIDE816,DRONE3,22,0,26,3,2,0
816,RIDE817,DRONE19,1,0,38,0,1,0
817,RIDE818,DRONE2,11,1,64,2,2,0
818,RIDE819,DRONE5,11,0,34,0,2,-1
819,RIDE820,DRONE5,23,0,34,2,3,0
820,RIDE821,DRONE19,13,0,38,3,4,0
821,RIDE822,DRONE10,4,0,80,3,3,-1
822,RIDE823,DRONE3,14,0,26,3,0,0
823,RIDE824,DRONE8,5,1,79,1,0,-1
824,RIDE825,DRONE4,17,0,53,1,1,0
825,RIDE826,DRONE18,7,0,53,1,2,0
826,RIDE827,DRONE14,5,0,49,3,3,0
827,RIDE828,DRONE20,20,0,87,3,4,0
828,RIDE829,DRONE20,15,0,87,0,3,0
829,RIDE830,DRONE20,5,0,87,2,1,0
830,RIDE831,DRONE8,3,1,79,1,3,-1
831,RIDE832,DRONE17,16,0,80,3,4,0
832,RIDE833,DRONE13,22,0,88,3,4,0
833,RIDE834,DRONE15,0,1,68,2,2,0
834,RIDE835,DRONE15,3,1,68,1,2,-1
835,RIDE836,DRONE10,6,0,80,1,1,0
836,RIDE837,DRONE19,5,0,38,0,2,0
837,RIDE838,DRONE14,9,0,49,3,0,-1
838,RIDE839,DRONE10,19,0,80,0,2,0
839,RIDE840,DRONE19,22,0,38,3,0,0
840,RIDE841,DRONE20,4,0,87,2,3,0
841,RIDE842,DRONE2,9,1,64,0,0,-1
842,RIDE843,DRONE20,9,0,87,3,1,0
843,RIDE844,DRONE4,23,0,53,1,4,-1
844,RIDE845,DRONE7,12,1,41,2,1,0
845,RIDE846,DRONE7,1,1,41,3,1,0
846,RIDE847,DRONE9,17,0,71,0,1,0
847,RIDE848,DRONE3,7,0,26,0,1,0
848,RIDE849,DRONE6,3,0,26,3,2,-1
849,RIDE850,DRONE8,20,1,79,2,3,0
850,RIDE851,DRONE6,4,0,26,3,4,-1
851,RIDE852,DRONE18,0,0,53,0,0,0
852,RIDE853,DRONE3,4,0,26,0,0,-1
853,RIDE854,DRONE6,21,0,26,1,3,0
854,RIDE855,DRONE1,6,0,93,1,1,0
855,RIDE856,DRONE14,13,0,49,0,1,0
856,RIDE857,DRONE15,12,1,68,1,4,0
857,RIDE858,DRONE20,16,0,87,1,0,0
858,RIDE859,DRONE16,17,0,69,3,1,0
859,RIDE860,DRONE10,7,0,80,2,2,0
860,RIDE861,DRONE2,11,1,64,3,4,0
861,RIDE862,DRONE8,20,1,79,3,2,-1
862,RIDE863,DRONE10,16,0,80,1,2,-1
863,RIDE864,DRONE10,23,0,80,1,3,0
864,RIDE865,DRONE15,23,1,68,2,3,0
865,RIDE866,DRONE3,12,0,26,2,2,-1
866,RIDE867,DRONE8,7,1,79,2,3,0
867,RIDE868,DRONE9,3,0,71,3,2,0
868,RIDE869,DRONE19,10,0,38,2,1,0
869,RIDE870,DRONE7,7,1,41,0,3,0
870,RIDE871,DRONE14,1,0,49,0,2,0
871,RIDE872,DRONE4,5,0,53,3,4,0
872,RIDE873,DRONE18,1,0,53,1,4,0
873,RIDE874,DRONE8,6,1,79,2,3,0
874,RIDE875,DRONE5,8,0,34,0,4,-1
875,RIDE876,DRONE9,18,0,71,2,0,0
876,RIDE877,DRONE5,23,0,34,0,0,0
877,RIDE878,DRONE3,8,0,26,0,4,-1
878,RIDE879,DRONE2,12,1,64,2,2,0
879,RIDE880,DRONE6,15,0,26,0,4,0
880,RIDE881,DRONE10,8,0,80,2,4,0
881,RIDE882,DRONE20,9,0,87,0,4,-1
882,RIDE883,DRONE19,21,0,38,1,2,0
883,RIDE884,DRONE10,10,0,80,3,2,0
884,RIDE885,DRONE15,5,1,68,3,0,0
885,RIDE886,DRONE4,15,0,53,2,3,0
886,RIDE887,DRONE15,15,1,68,3,0,0
887,RIDE888,DRONE10,15,0,80,3,2,-1
888,RIDE889,DRONE13,20,0,88,3,2,0
889,RIDE890,DRONE9,15,0,71,3,2,-1
890,RIDE891,DRONE17,1,0,80,1,2,0
891,RIDE892,DRONE18,20,0,53,1,2,-1
892,RIDE893,DRONE16,2,0,69,3,2,-1
893,RIDE894,DRONE15,12,1,68,1,1,0
894,RIDE895,DRONE3,22,0,26,1,1,-1
895,RIDE896,DRONE20,19,0,87,3,4,0
896,RIDE897,DRONE2,16,1,64,2,1,-1
897,RIDE898,DRONE14,5,0,49,3,0,-1
898,RIDE899,DRONE11,21,0,58,1,4,-1
899,RIDE900,DRONE20,17,0,87,2,3,0
900,RIDE901,DRONE9,6,0,71,1,2,0
901,RIDE902,DRONE1,0,0,93,1,1,0
902,RIDE903,DRONE3,19,0,26,0,0,0
903,RIDE904,DRONE8,10,1,79,0,3,-1
904,RIDE905,DRONE19,19,0,38,0,2,0
905,RIDE906,DRONE19,4,0,38,1,2,0
906,RIDE907,DRONE1,16,0,93,3,3,0
907,RIDE908,DRONE9,21,0,71,3,3,-1
908,RIDE909,DRONE19,0,0,38,1,3,-1
909,RIDE910,DRONE2,7,1,64,0,0,0
910,RIDE911,DRONE6,10,0,26,1,4,-1
911,RIDE912,DRONE16,10,0,69,3,4,0
912,RIDE913,DRONE17,11,0,80,3,1,0
913,RIDE914,DRONE15,5,1,68,3,2,0
914,RIDE915,DRONE9,19,0,71,1,1,0
915,RIDE916,DRONE6,16,0,26,3,4,0
916,RIDE917,DRONE19,10,0,38,3,3,0
917,RIDE918,DRONE14,22,0,49,3,2,0
918,RIDE919,DRONE16,18,0,69,3,4,0
919,RIDE920,DRONE3,18,0,26,2,2,0
920,RIDE921,DRONE16,16,0,69,1,1,0
921,RIDE922,DRONE12,12,0,80,1,4,0
922,RIDE923,DRONE14,13,0,49,3,1,0
923,RIDE924,DRONE11,12,0,58,0,2,0
924,RIDE925,DRONE11,14,0,58,3,0,-1
925,RIDE926,DRONE4,20,0,53,1,3,0
926,RIDE927,DRONE6,12,0,26,2,1,-1
927,RIDE928,DRONE11,18,0,58,3,2,0
928,RIDE929,DRONE14,11,0,49,2,4,0
929,RIDE930,DRONE16,5,0,69,0,1,0
930,RIDE931,DRONE10,23,0,80,0,2,-1
931,RIDE932,DRONE13,23,0,88,3,0,0
932,RIDE933,DRONE18,4,0,53,2,1,0
933,RIDE934,DRONE2,4,1,64,0,2,0
934,RIDE935,DRONE15,19,1,68,3,1,0
935,RIDE936,DRONE3,13,0,26,0,2,-1
936,RIDE937,DRONE11,14,0,58,1,3,-1
937,RIDE938,DRONE9,3,0,71,2,2,0
938,RIDE939,DRONE11,4,0,58,3,2,0
939,RIDE940,DRONE4,5,0,53,0,2,0
940,RIDE941,DRONE13,0,0,88,0,4,0
941,RIDE942,DRONE17,23,0,80,1,2,0
942,RIDE943,DRONE1,3,0,93,3,3,0
943,RIDE944,DRONE18,15,0,53,0,0,-1
944,RIDE945,DRONE15,7,1,68,2,3,0
945,RIDE946,DRONE14,16,0,49,0,0,0
946,RIDE947,DRONE2,15,1,64,2,4,0
947,RIDE948,DRONE7,1,1,41,0,4,0
948,RIDE949,DRONE17,18,0,80,3,4,0
949,RIDE950,DRONE12,11,0,80,3,0,0
950,RIDE951,DRONE20,11,0,87,3,3,0
951,RIDE952,DRONE16,23,0,69,2,1,-1
952,RIDE953,DRONE15,4,1,68,3,4,0
953,RIDE954,DRONE2,12,1,64,2,0,0
954,RIDE955,DRONE7,5,1,41,2,3,0
955,RIDE956,DRONE9,16,0,71,2,4,-1
956,RIDE957,DRONE18,3,0,53,1,2,0
957,RIDE958,DRONE5,9,0,34,0,3,0
958,RIDE959,DRONE10,12,0,80,2,0,0
959,RIDE960,DRONE15,2,1,68,2,1,0
960,RIDE961,DRONE16,8,0,69,0,1,0
961,RIDE962,DRONE4,8,0,53,3,1,0
962,RIDE963,DRONE1,16,0,93,1,2,0
963,RIDE964,DRONE20,16,0,87,0,3,0
964,RIDE965,DRONE8,6,1,79,2,4,0
965,RIDE966,DRONE6,12,0,26,0,3,-1
966,RIDE967,DRONE10,16,0,80,2,1,0
967,RIDE968,DRONE18,9,0,53,3,2,0
968,RIDE969,DRONE1,9,0,93,0,1,0
969,RIDE970,DRONE18,23,0,53,1,0,0
970,RIDE971,DRONE14,4,0,49,0,3,0
971,RIDE972,DRONE3,14,0,26,2,2,0
972,RIDE973,DRONE8,1,1,79,2,1,0
973,RIDE974,DRONE4,0,0,53,1,2,-1
974,RIDE975,DRONE15,17,1,68,2,0,0
975,RIDE976,DRONE4,4,0,53,2,0,0
976,RIDE977,DRONE5,2,0,34,2,3,0
977,RIDE978,DRONE16,10,0,69,0,2,-1
978,RIDE979,DRONE10,22,0,80,0,1,0
979,RIDE980,DRONE17,23,0,80,1,1,-1
980,RIDE981,DRONE9,1,0,71,1,4,-1
981,RIDE982,DRONE14,19,0,49,3,1,-1
982,RIDE983,DRONE16,1,0,69,2,3,0
983,RIDE984,DRONE16,5,0,69,1,0,-1
984,RIDE985,DRONE8,13,1,79,2,1,0
985,RIDE986,DRONE15,17,1,68,1,4,-1
986,RIDE987,DRONE18,6,0,53,3,3,0
987,RIDE988,DRONE5,10,0,34,1,3,0
988,RIDE989,DRONE13,4,0,88,0,3,0
989,RIDE990,DRONE7,15,1,41,2,3,0
990,RIDE991,DRONE20,4,0,87,0,3,0
991,RIDE992,DRONE17,7,0,80,1,3,0
992,RIDE993,DRONE5,12,0,34,1,0,0
993,RIDE994,DRONE3,21,0,26,3,0,0
994,RIDE995,DRONE9,23,0,71,3,4,-1
995,RIDE996,DRONE14,19,0,49,3,1,-1
996,RIDE997,DRONE11,7,0,58,1,2,-1
997,RIDE998,DRONE17,2,0,80,3,0,-1
998,RIDE999,DRONE9,22,0,71,1,2,-1
999,RIDE1000,DRONE1,22,0,93,1,4,0
